GDSC_CELL_LINE,DepMap_ModelID,DepMap_CellLineName,DepMap_StrippedName,COSMIC_ID,Match_Method,Confidence,Fuzzy_Score
PFSK-1,ACH-001711,PFSK-1,PFSK1,683667,COSMIC_ID,HIGH,
TE-6,ACH-000605,TE-6,TE6,946355,COSMIC_ID,HIGH,
TE-12,ACH-002311,TE-12,TE12,946356,COSMIC_ID,HIGH,
TC-YIK,ACH-002201,TC-YIK,TCYIK,946357,COSMIC_ID,HIGH,
YT,ACH-002317,YT,YT,946358,COSMIC_ID,HIGH,
BT-474,ACH-000927,BT-474,BT474,946359,COSMIC_ID,HIGH,
OAW-28,ACH-000116,OAW28,OAW28,946360,COSMIC_ID,HIGH,
LCLC-97TM1,ACH-000596,LCLC-97TM1,LCLC97TM1,946361,COSMIC_ID,HIGH,
KP-N-YS,ACH-002261,KP-N-YS,KPNYS,946363,COSMIC_ID,HIGH,
D-245MG,ACH-002223,D-245MG,D245MG,946366,COSMIC_ID,HIGH,
D-247MG,ACH-002224,D-247MG,D247MG,946367,COSMIC_ID,HIGH,
D-263MG,ACH-002225,D-263MG,D263MG,946368,COSMIC_ID,HIGH,
D-336MG,ACH-002226,D-336MG,D336MG,946369,COSMIC_ID,HIGH,
D-392MG,ACH-002227,D-392MG,D392MG,946370,COSMIC_ID,HIGH,
D-423MG,ACH-002228,D-423MG,D423MG,946372,COSMIC_ID,HIGH,
D-502MG,ACH-002229,D-502MG,D502MG,946373,COSMIC_ID,HIGH,
D-566MG,ACH-002231,D-566MG,D566MG,946377,COSMIC_ID,HIGH,
CAMA-1,ACH-000783,CAMA-1,CAMA1,946382,COSMIC_ID,HIGH,
CTB-1,ACH-002221,CTB-1,CTB1,949088,COSMIC_ID,HIGH,
Caov-4,ACH-000103,Caov-4,CAOV4,949090,COSMIC_ID,HIGH,
BT-483,ACH-000818,BT-483,BT483,949093,COSMIC_ID,HIGH,
M059J,ACH-001118,M059J,M059J,949094,COSMIC_ID,HIGH,
HAL-01,ACH-002241,HAL-01,HAL01,949153,COSMIC_ID,HIGH,
OMC-1,ACH-002180,OMC-1,OMC1,949154,COSMIC_ID,HIGH,
ES8,ACH-002109,ES8,ES8,949155,COSMIC_ID,HIGH,
ES4,ACH-002105,ES4,ES4,949156,COSMIC_ID,HIGH,
TE-11,ACH-000488,TE-11,TE11,946354,COSMIC_ID,HIGH,
TE-9,ACH-000694,TE-9,TE9,946353,COSMIC_ID,HIGH,
VMRC-MELG,ACH-001704,VMRC-MELG,VMRCMELG,930301,COSMIC_ID,HIGH,
SiHa,ACH-000556,SIHA,SIHA,930297,COSMIC_ID,HIGH,
CAL-39,ACH-002091,CAL-39,CAL39,924107,COSMIC_ID,HIGH,
HDLM-2,ACH-000267,HDLM-2,HDLM2,924110,COSMIC_ID,HIGH,
HO-1-N-1,ACH-002244,HO-1-N-1,HO1N1,924111,COSMIC_ID,HIGH,
HTC-C3,ACH-001350,HTC-C3,HTCC3,924151,COSMIC_ID,HIGH,
KGN,ACH-002149,KGN,KGN,924186,COSMIC_ID,HIGH,
KLE,ACH-000293,KLE,KLE,924187,COSMIC_ID,HIGH,
KNS-81-FD,ACH-002259,KNS-81-FD,KNS81FD,924188,COSMIC_ID,HIGH,
KP-N-RT-BM-1,ACH-000345,KP-N-RT-BM-1,KPNRTBM1,924189,COSMIC_ID,HIGH,
K5,ACH-002148,K5,K5,924238,COSMIC_ID,HIGH,
L-363,ACH-000183,L-363,L363,924239,COSMIC_ID,HIGH,
MDA-MB-415,ACH-000876,MDA-MB-415,MDAMB415,924240,COSMIC_ID,HIGH,
NCI-H250,ACH-002171,NCI-H250,NCIH250,924241,COSMIC_ID,HIGH,
ES6,ACH-002107,ES6,ES6,949157,COSMIC_ID,HIGH,
NCI-H1975,ACH-000587,NCI-H1975,NCIH1975,924244,COSMIC_ID,HIGH,
TE-441-T,ACH-000772,TE 441.T,TE441T,924248,COSMIC_ID,HIGH,
MKN7,ACH-000678,MKN7,MKN7,924250,COSMIC_ID,HIGH,
MDA-MB-157,ACH-000621,MDA-MB-157,MDAMB157,925338,COSMIC_ID,HIGH,
MMAc-SF,ACH-002162,MMAC-SF,MMACSF,925339,COSMIC_ID,HIGH,
MKN45,ACH-000356,MKN-45,MKN45,925340,COSMIC_ID,HIGH,
NCI-H810,ACH-000789,NCI-H810,NCIH810,925341,COSMIC_ID,HIGH,
MFH-ino,ACH-002271,MFH-ino,MFHINO,925343,COSMIC_ID,HIGH,
PANC-03-27,ACH-000139,Panc 03.27,PANC0327,925346,COSMIC_ID,HIGH,
PANC-08-13,ACH-000417,Panc 08.13,PANC0813,925347,COSMIC_ID,HIGH,
PANC-10-05,ACH-000060,Panc 10.05,PANC1005,925348,COSMIC_ID,HIGH,
RL95-2,ACH-000965,RL95-2,RL952,930082,COSMIC_ID,HIGH,
RO82-W-1,ACH-001384,RO82-W-1,RO82W1,930083,COSMIC_ID,HIGH,
SW954,ACH-001400,SW 954,SW954,924247,COSMIC_ID,HIGH,
ES1,ACH-002103,ES1,ES1,949158,COSMIC_ID,HIGH,
EW-7,ACH-002119,EW-7,EW7,949160,COSMIC_ID,HIGH,
EW-3,ACH-002118,EW-3,EW3,949161,COSMIC_ID,HIGH,
NCI-H2595,ACH-002127,H2595,H2595,1240132,COSMIC_ID,HIGH,
NCI-H2731,ACH-002129,H2731,H2731,1240134,COSMIC_ID,HIGH,
NCI-H2803,ACH-002131,H2803,H2803,1240135,COSMIC_ID,HIGH,
NCI-H2804,ACH-002132,H2804,H2804,1240136,COSMIC_ID,HIGH,
NCI-H2810,ACH-002133,H2810,H2810,1240137,COSMIC_ID,HIGH,
NCI-H2869,ACH-002135,H2869,H2869,1240138,COSMIC_ID,HIGH,
NCI-H290,ACH-002136,H290,H290,1240139,COSMIC_ID,HIGH,
NCI-H3118,ACH-002239,H3118,H3118,1240140,COSMIC_ID,HIGH,
NCI-H513,ACH-002138,H513,H513,1240141,COSMIC_ID,HIGH,
HARA,ACH-000843,HARA,HARA,1240142,COSMIC_ID,HIGH,
HCC-15,ACH-000878,HCC-15,HCC15,1240143,COSMIC_ID,HIGH,
HCC-366,ACH-000840,HCC-366,HCC366,1240144,COSMIC_ID,HIGH,
NCI-H2591,ACH-002126,H2591,H2591,1240131,COSMIC_ID,HIGH,
HCC-44,ACH-000667,HCC-44,HCC44,1240145,COSMIC_ID,HIGH,
Hep3B2-1-7,ACH-000625,Hep 3B2.1-7,HEP3B217,1240147,COSMIC_ID,HIGH,
Hs-633T,ACH-002246,Hs 633.T,HS633T,1240149,COSMIC_ID,HIGH,
Hs-683,ACH-000067,Hs 683,HS683,1240150,COSMIC_ID,HIGH,
Hs-746T,ACH-000616,Hs 746T,HS746T,1240151,COSMIC_ID,HIGH,
IGR-37,ACH-000650,IGR-37,IGR37,1240153,COSMIC_ID,HIGH,
IHH-4,ACH-001528,IHH-4,IHH4,1240154,COSMIC_ID,HIGH,
IM-95,ACH-000919,IM95,IM95,1240155,COSMIC_ID,HIGH,
JHH-2,ACH-000577,JHH-2,JHH2,1240157,COSMIC_ID,HIGH,
JHH-4,ACH-000476,JHH-4,JHH4,1240158,COSMIC_ID,HIGH,
JHH-6,ACH-000217,JHH-6,JHH6,1240159,COSMIC_ID,HIGH,
JHH-7,ACH-000848,JHH-7,JHH7,1240160,COSMIC_ID,HIGH,
JHU-011,ACH-002249,JHU-011,JHU011,1240161,COSMIC_ID,HIGH,
HCC-827,ACH-000012,HCC-827,HCC827,1240146,COSMIC_ID,HIGH,
CAL-148,ACH-000902,CAL-148,CAL148,924106,COSMIC_ID,HIGH,
G-MEL,ACH-002121,G-MEL,GMEL,1240130,COSMIC_ID,HIGH,
ES-2,ACH-000906,ES-2,ES2,1240128,COSMIC_ID,HIGH,
EW-12,ACH-002112,EW-12,EW12,949162,COSMIC_ID,HIGH,
EW-1,ACH-002110,EW-1,EW1,949163,COSMIC_ID,HIGH,
EW-18,ACH-002115,EW-18,EW18,949164,COSMIC_ID,HIGH,
EW-16,ACH-002114,EW-16,EW16,949165,COSMIC_ID,HIGH,
EW-13,ACH-002113,EW-13,EW13,949166,COSMIC_ID,HIGH,
EW-22,ACH-002116,EW-22,EW22,949167,COSMIC_ID,HIGH,
EW-24,ACH-002117,EW-24,EW24,949168,COSMIC_ID,HIGH,
LAN-6,ACH-001355,LAN-6,LAN6,949170,COSMIC_ID,HIGH,
NB10,ACH-002278,NB10,NB10,949171,COSMIC_ID,HIGH,
NB12,ACH-002279,NB12,NB12,949172,COSMIC_ID,HIGH,
NB6,ACH-002284,NB6,NB6,949173,COSMIC_ID,HIGH,
NB7,ACH-002285,NB7,NB7,949174,COSMIC_ID,HIGH,
FU-OV-1,ACH-000574,FU-OV-1,FUOV1,1240129,COSMIC_ID,HIGH,
NB17,ACH-002282,NB17,NB17,949175,COSMIC_ID,HIGH,
NB13,ACH-002280,NB13,NB13,949177,COSMIC_ID,HIGH,
NB14,ACH-002281,NB14,NB14,949178,COSMIC_ID,HIGH,
NB1,ACH-000804,NB-1,NB1,949179,COSMIC_ID,HIGH,
RH-18,ACH-000689,RH-18,RH18,971774,COSMIC_ID,HIGH,
MZ2-MEL,ACH-002165,MZ2-MEL,MZ2MEL,971777,COSMIC_ID,HIGH,
Jurkat,ACH-000995,JURKAT,JURKAT,998184,COSMIC_ID,HIGH,
LS-180,ACH-000957,LS 180,LS180,998189,COSMIC_ID,HIGH,
BICR22,ACH-000794,BICR 22,BICR22,1240121,COSMIC_ID,HIGH,
BICR78,ACH-001332,BICR 78,BICR78,1240122,COSMIC_ID,HIGH,
CCK-81,ACH-000963,CCK-81,CCK81,1240123,COSMIC_ID,HIGH,
COLO-783,ACH-000812,COLO-783,COLO783,1240125,COSMIC_ID,HIGH,
EN,ACH-000978,EN,EN,1240127,COSMIC_ID,HIGH,
NB5,ACH-002283,NB5,NB5,949176,COSMIC_ID,HIGH,
JHU-022,ACH-002250,JHU-022,JHU022,1240162,COSMIC_ID,HIGH,
BPH-1,ACH-001453,BPH-1,BPH1,924105,COSMIC_ID,HIGH,
8505C,ACH-001307,8505C,8505C,924102,COSMIC_ID,HIGH,
WSU-NHL,ACH-001709,WSU-NHL,WSUNHL,909785,COSMIC_ID,HIGH,
YAPC,ACH-000332,YAPC,YAPC,909904,COSMIC_ID,HIGH,
YH-13,ACH-000469,YH-13,YH13,909905,COSMIC_ID,HIGH,
ZR-75-30,ACH-000828,ZR-75-30,ZR7530,909907,COSMIC_ID,HIGH,
RCC10RGB,ACH-000189,RCC10RGB,RCC10RGB,909974,COSMIC_ID,HIGH,
KURAMOCHI,ACH-000524,KURAMOCHI,KURAMOCHI,909975,COSMIC_ID,HIGH,
KM-H2,ACH-000815,KM-H2,KMH2,909976,COSMIC_ID,HIGH,
HuO-3N1,ACH-002142,HuO-3N1,HUO3N1,909977,COSMIC_ID,HIGH,
OE19,ACH-000679,OE-19,OE19,910079,COSMIC_ID,HIGH,
SUP-B8,ACH-002308,SUP-B8,SUPB8,910209,COSMIC_ID,HIGH,
NCI-H838,ACH-000416,NCI-H838,NCIH838,910399,COSMIC_ID,HIGH,
Ramos-2G6-4C10,ACH-002300,Ramos-2G6-4C10,RAMOS2G64C10,910401,COSMIC_ID,HIGH,
RPMI-8866,ACH-002302,RPMI-8866,RPMI8866,910544,COSMIC_ID,HIGH,
QIMR-WIL,ACH-002299,QIMR-WIL,QIMRWIL,910545,COSMIC_ID,HIGH,
PSN1,ACH-000320,PSN1,PSN1,910546,COSMIC_ID,HIGH,
OAW-42,ACH-000704,OAW42,OAW42,910548,COSMIC_ID,HIGH,
OE33,ACH-000383,OE33,OE33,910549,COSMIC_ID,HIGH,
CW-2,ACH-000998,CW-2,CW2,910554,COSMIC_ID,HIGH,
CHP-126,ACH-000136,CHP-126,CHP126,910567,COSMIC_ID,HIGH,
CGTH-W-1,ACH-001023,CGTH-W-1,CGTHW1,910568,COSMIC_ID,HIGH,
COLO-320-HSR,ACH-002219,COLO-320-HSR,COLO320HSR,910569,COSMIC_ID,HIGH,
CESS,ACH-002218,CESS,CESS,910688,COSMIC_ID,HIGH,
COLO-678,ACH-000350,COLO-678,COLO678,910689,COSMIC_ID,HIGH,
COLO-684,ACH-000864,COLO 684,COLO684,910691,COSMIC_ID,HIGH,
COLO-668,ACH-000803,COLO 668,COLO668,910692,COSMIC_ID,HIGH,
WM-115,ACH-000304,WM-115,WM115,909784,COSMIC_ID,HIGH,
VMRC-RCZ,ACH-000171,VMRC-RCZ,VMRCRCZ,909781,COSMIC_ID,HIGH,
UMC-11,ACH-001417,UMC-11,UMC11,909779,COSMIC_ID,HIGH,
UACC-893,ACH-000554,UACC-893,UACC893,909778,COSMIC_ID,HIGH,
SNU-449,ACH-000420,SNU-449,SNU449,909738,COSMIC_ID,HIGH,
SNU-C2B,ACH-001199,SNUC2B,SNUC2B,909740,COSMIC_ID,HIGH,
SU-DHL-1,ACH-000664,SU-DHL-1,SUDHL1,909742,COSMIC_ID,HIGH,
SUP-T1,ACH-000953,SUP-T1,SUPT1,909743,COSMIC_ID,HIGH,
SW1088,ACH-000437,SW 1088,SW1088,909745,COSMIC_ID,HIGH,
SW1116,ACH-000489,SW1116,SW1116,909746,COSMIC_ID,HIGH,
SW1417,ACH-000236,SW1417,SW1417,909747,COSMIC_ID,HIGH,
SW1463,ACH-000470,SW1463,SW1463,909748,COSMIC_ID,HIGH,
SW1710,ACH-000566,SW-1710,SW1710,909749,COSMIC_ID,HIGH,
SW1783,ACH-000883,SW 1783,SW1783,909750,COSMIC_ID,HIGH,
SW48,ACH-000958,SW48,SW48,909751,COSMIC_ID,HIGH,
SW626,ACH-001399,SW 626,SW626,909753,COSMIC_ID,HIGH,
LN-405,ACH-002268,LN-405,LN405,910694,COSMIC_ID,HIGH,
SW684,ACH-002309,SW684,SW684,909754,COSMIC_ID,HIGH,
SW872,ACH-002310,SW872,SW872,909756,COSMIC_ID,HIGH,
SW948,ACH-000680,SW948,SW948,909757,COSMIC_ID,HIGH,
SW962,ACH-002200,SW962,SW962,909758,COSMIC_ID,HIGH,
SW982,ACH-001274,SW982,SW982,909759,COSMIC_ID,HIGH,
T84,ACH-000381,T84,T84,909761,COSMIC_ID,HIGH,
TALL-1,ACH-000197,TALL-1,TALL1,909762,COSMIC_ID,HIGH,
TGBC11TKB,ACH-000949,TGBC11TKB,TGBC11TKB,909770,COSMIC_ID,HIGH,
THP-1,ACH-000146,THP-1,THP1,909771,COSMIC_ID,HIGH,
TUR,ACH-002314,TUR,TUR,909773,COSMIC_ID,HIGH,
TYK-nu,ACH-000430,TYK-nu,TYKNU,909774,COSMIC_ID,HIGH,
U-2-OS,ACH-000364,U-2 OS,U2OS,909776,COSMIC_ID,HIGH,
U-698-M,ACH-001680,U-698-M,U698M,909777,COSMIC_ID,HIGH,
SW837,ACH-000421,SW837,SW837,909755,COSMIC_ID,HIGH,
TGBC24TKB,ACH-002312,TGBC24TKB,TGBC24TKB,910695,COSMIC_ID,HIGH,
A388,ACH-001442,A388,A388,910697,COSMIC_ID,HIGH,
BFTC-909,ACH-000792,BFTC-909,BFTC909,910698,COSMIC_ID,HIGH,
BC-1,ACH-002214,BC-1,BC1,910919,COSMIC_ID,HIGH,
A704,ACH-000429,A-704,A704,910920,COSMIC_ID,HIGH,
A101D,ACH-000008,A101D,A101D,910921,COSMIC_ID,HIGH,
769-P,ACH-000411,769-P,769P,910922,COSMIC_ID,HIGH,
23132-87,ACH-000948,23132/87,2313287,910924,COSMIC_ID,HIGH,
A431,ACH-001328,A-431,A431,910925,COSMIC_ID,HIGH,
BFTC-905,ACH-000802,BFTC-905,BFTC905,910926,COSMIC_ID,HIGH,
CAL-51,ACH-000856,CAL-51,CAL51,910927,COSMIC_ID,HIGH,
SCC-3,ACH-001642,SCC-3,SCC3,910930,COSMIC_ID,HIGH,
RERF-LC-MS,ACH-000062,RERF-LC-MS,RERFLCMS,910931,COSMIC_ID,HIGH,
GAK,ACH-002120,GAK,GAK,910932,COSMIC_ID,HIGH,
AM-38,ACH-000269,AM-38,AM38,910933,COSMIC_ID,HIGH,
BC-3,ACH-002215,BC-3,BC3,910918,COSMIC_ID,HIGH,
A4-Fuk,ACH-000157,A4/Fuk,A4FUK,910934,COSMIC_ID,HIGH,
DOK,ACH-002234,DOK,DOK,910936,COSMIC_ID,HIGH,
COR-L279,ACH-000257,COR-L279,CORL279,910937,COSMIC_ID,HIGH,
CHP-134,ACH-001338,CHP-134,CHP134,910941,COSMIC_ID,HIGH,
NEC8,ACH-002288,NEC8,NEC8,910942,COSMIC_ID,HIGH,
CAS-1,ACH-000464,CAS-1,CAS1,910943,COSMIC_ID,HIGH,
ALL-PO,ACH-002209,ALL-PO,ALLPO,910944,COSMIC_ID,HIGH,
OCI-AML2,ACH-000113,OCI-AML2,OCIAML2,910947,COSMIC_ID,HIGH,
CML-T1,ACH-000920,CML-T1,CMLT1,910951,COSMIC_ID,HIGH,
CAL-54,ACH-000457,CAL-54,CAL54,910952,COSMIC_ID,HIGH,
EFO-21,ACH-000308,EFO-21,EFO21,911905,COSMIC_ID,HIGH,
LS-1034,ACH-000252,LS1034,LS1034,917486,COSMIC_ID,HIGH,
22RV1,ACH-000956,22Rv1,22RV1,924100,COSMIC_ID,HIGH,
A3-KAW,ACH-000697,A3/KAW,A3KAW,910935,COSMIC_ID,HIGH,
B-CPAP,ACH-000456,B-CPAP,BCPAP,924104,COSMIC_ID,HIGH,
CAL-27,ACH-000832,CAL 27,CAL27,910916,COSMIC_ID,HIGH,
SCC-15,ACH-000254,SCC-15,SCC15,910911,COSMIC_ID,HIGH,
C2BBe1,ACH-000009,C2BBe1,C2BBE1,910700,COSMIC_ID,HIGH,
SCC-25,ACH-000188,SCC-25,SCC25,910701,COSMIC_ID,HIGH,
AsPC-1,ACH-000222,AsPC-1,ASPC1,910702,COSMIC_ID,HIGH,
CA46,ACH-000440,CA46,CA46,910703,COSMIC_ID,HIGH,
AU565,ACH-000248,AU565,AU565,910704,COSMIC_ID,HIGH,
BALL-1,ACH-002211,BALL-1,BALL1,910705,COSMIC_ID,HIGH,
BL-41,ACH-000245,BL-41,BL41,910706,COSMIC_ID,HIGH,
BV-173,ACH-000432,BV-173,BV173,910710,COSMIC_ID,HIGH,
IA-LM,ACH-000672,IA-LM,IALM,910779,COSMIC_ID,HIGH,
TGW,ACH-001674,TGW,TGW,910780,COSMIC_ID,HIGH,
AN3-CA,ACH-000940,AN3 CA,AN3CA,910781,COSMIC_ID,HIGH,
A204,ACH-000201,A-204,A204,910784,COSMIC_ID,HIGH,
CAPAN-2,ACH-000107,Capan-2,CAPAN2,910915,COSMIC_ID,HIGH,
NY,ACH-002178,NY,NY,910849,COSMIC_ID,HIGH,
A427,ACH-000757,A427,A427,910851,COSMIC_ID,HIGH,
CAL-85-1,ACH-000857,CAL-85-1,CAL851,910852,COSMIC_ID,HIGH,
CHL-1,ACH-001024,CHL-1,CHL1,910853,COSMIC_ID,HIGH,
RL,ACH-000371,RL,RL,910861,COSMIC_ID,HIGH,
NCI-H146,ACH-000506,NCI-H146,NCIH146,910899,COSMIC_ID,HIGH,
NCI-H1651,ACH-000893,NCI-H1651,NCIH1651,910900,COSMIC_ID,HIGH,
RPMI-7951,ACH-000348,RPMI-7951,RPMI7951,910903,COSMIC_ID,HIGH,
SCC-4,ACH-000238,SCC-4,SCC4,910904,COSMIC_ID,HIGH,
SNU-C1,ACH-000722,SNU-C1,SNUC1,910905,COSMIC_ID,HIGH,
ST486,ACH-000567,ST486,ST486,910906,COSMIC_ID,HIGH,
SW1990,ACH-000155,SW 1990,SW1990,910907,COSMIC_ID,HIGH,
UACC-812,ACH-000568,UACC-812,UACC812,910910,COSMIC_ID,HIGH,
C3A,ACH-001021,C3A,C3A,910850,COSMIC_ID,HIGH,
SNU-423,ACH-000493,SNU-423,SNU423,909737,COSMIC_ID,HIGH,
KYM-1,ACH-000607,KYM-1,KYM1,1240166,COSMIC_ID,HIGH,
LN-18,ACH-000819,LN-18,LN18,1240168,COSMIC_ID,HIGH,
L-1236,ACH-000702,L-1236,L1236,1330935,COSMIC_ID,HIGH,
MDA-MB-330,ACH-001358,MDA-MB-330,MDAMB330,1330941,COSMIC_ID,HIGH,
ME-1,ACH-000439,ME-1,ME1,1330942,COSMIC_ID,HIGH,
MOLM-13,ACH-000362,MOLM-13,MOLM13,1330947,COSMIC_ID,HIGH,
MOLM-16,ACH-000369,MOLM-16,MOLM16,1330948,COSMIC_ID,HIGH,
MOLP-8,ACH-000745,MOLP-8,MOLP8,1330950,COSMIC_ID,HIGH,
MY-M12,ACH-002276,MY-M12,MYM12,1330960,COSMIC_ID,HIGH,
NCI-H1341,ACH-000129,NCI-H1341,NCIH1341,1330964,COSMIC_ID,HIGH,
NCI-H1876,ACH-000586,NCI-H1876,NCIH1876,1330972,COSMIC_ID,HIGH,
NCI-H2066,ACH-000727,NCI-H2066,NCIH2066,1330973,COSMIC_ID,HIGH,
NCI-H660,ACH-000177,NCI-H660,NCIH660,1330975,COSMIC_ID,HIGH,
NK-92MI,ACH-002289,NK-92MI,NK92MI,1330981,COSMIC_ID,HIGH,
NU-DUL-1,ACH-000287,NU-DUL-1,NUDUL1,1330982,COSMIC_ID,HIGH,
OCI-AML5,ACH-000065,OCI-AML5,OCIAML5,1330983,COSMIC_ID,HIGH,
OCI-LY-19,ACH-000124,OCI-LY-19,OCILY19,1330984,COSMIC_ID,HIGH,
OCI-M1,ACH-000751,OCI-M1,OCIM1,1330985,COSMIC_ID,HIGH,
P32-ISH,ACH-002293,P32-ISH,P32ISH,1330987,COSMIC_ID,HIGH,
PL-21,ACH-000218,PL-21,PL21,1330991,COSMIC_ID,HIGH,
PWR-1E,ACH-001383,PWR-1E,PWR1E,1330993,COSMIC_ID,HIGH,
RCH-ACV,ACH-000922,RCH-ACV,RCHACV,1330994,COSMIC_ID,HIGH,
RC-K8,ACH-001638,RC-K8,RCK8,1330995,COSMIC_ID,HIGH,
ROS-50,ACH-001639,ROS-50,ROS50,1331025,COSMIC_ID,HIGH,
SU-DHL-10,ACH-000271,SU-DHL-10,SUDHL10,1331033,COSMIC_ID,HIGH,
SU-DHL-16,ACH-002307,SU-DHL-16,SUDHL16,1331034,COSMIC_ID,HIGH,
SU-DHL-4,ACH-000365,SU-DHL-4,SUDHL4,1331035,COSMIC_ID,HIGH,
KOPN-8,ACH-001106,KOPN-8,KOPN8,1330933,COSMIC_ID,HIGH,
KCL-22,ACH-000983,KCL-22,KCL22,1330931,COSMIC_ID,HIGH,
KARPAS-620,ACH-000193,KARPAS-620,KARPAS620,1327775,COSMIC_ID,HIGH,
KARPAS-231,ACH-002255,KARPAS-231,KARPAS231,1327774,COSMIC_ID,HIGH,
STS-0421,ACH-002306,STS-0421,STS0421,1299061,COSMIC_ID,HIGH,
SW1271,ACH-000890,SW 1271,SW1271,1299062,COSMIC_ID,HIGH,
T-T,ACH-000561,T.T,TDOTT,1299064,COSMIC_ID,HIGH,
TMK-1,ACH-002202,TMK-1,TMK1,1299069,COSMIC_ID,HIGH,
TOV-112D,ACH-000048,TOV-112D,TOV112D,1299070,COSMIC_ID,HIGH,
VCaP,ACH-000115,VCaP,VCAP,1299075,COSMIC_ID,HIGH,
WM1552C,ACH-002205,WM1552C,WM1552C,1299078,COSMIC_ID,HIGH,
WM35,ACH-002207,WM35,WM35,1299080,COSMIC_ID,HIGH,
WM793B,ACH-000827,WM793,WM793,1299081,COSMIC_ID,HIGH,
GA-10,ACH-000162,GA-10,GA10,1303896,COSMIC_ID,HIGH,
GRANTA-519,ACH-000073,GRANTA-519,GRANTA519,1303897,COSMIC_ID,HIGH,
HCC1500,ACH-000349,HCC1500,HCC1500,1303900,COSMIC_ID,HIGH,
SU-DHL-5,ACH-000660,SU-DHL-5,SUDHL5,1331036,COSMIC_ID,HIGH,
HCC-33,ACH-000515,HCC-33,HCC33,1303901,COSMIC_ID,HIGH,
CHSA8926,ACH-002094,CHSA8926,CHSA8926,1303912,COSMIC_ID,HIGH,
COR-L32,ACH-001489,COR-L32,CORL32,1322212,COSMIC_ID,HIGH,
COR-L321,ACH-001490,COR-L321,CORL321,1322213,COSMIC_ID,HIGH,
Hs-445,ACH-002245,Hs-445,HS445,1322218,COSMIC_ID,HIGH,
HSC-39,ACH-002141,HSC-39,HSC39,1322224,COSMIC_ID,HIGH,
NB4,ACH-000294,NB-4,NB4,1323913,COSMIC_ID,HIGH,
JEKO-1,ACH-000357,JeKo-1,JEKO1,1327765,COSMIC_ID,HIGH,
JJN-3,ACH-000653,JJN-3,JJN3,1327766,COSMIC_ID,HIGH,
JM1,ACH-000151,JM1,JM1,1327768,COSMIC_ID,HIGH,
JSC-1,ACH-002253,JSC-1,JSC1,1327769,COSMIC_ID,HIGH,
JURL-MK1,ACH-000326,JURL-MK1,JURLMK1,1327771,COSMIC_ID,HIGH,
KARPAS-1106P,ACH-002254,KARPAS-1106P,KARPAS1106P,1327773,COSMIC_ID,HIGH,
YMB-1-E,ACH-002208,YMB-1-E,YMB1E,1303911,COSMIC_ID,HIGH,
SU-DHL-6,ACH-000611,SU-DHL-6,SUDHL6,1331037,COSMIC_ID,HIGH,
SU-DHL-8,ACH-000656,SU-DHL-8,SUDHL8,1331038,COSMIC_ID,HIGH,
SUP-HD1,ACH-001203,SUP-HD1,SUPHD1,1331039,COSMIC_ID,HIGH,
U-CH2,ACH-002204,U-CH2,UCH2,1503373,COSMIC_ID,HIGH,
NCC010,ACH-002167,NCC010,NCC010,1509073,COSMIC_ID,HIGH,
NCC021,ACH-002168,NCC021,NCC021,1509074,COSMIC_ID,HIGH,
RCC-FG2,ACH-002189,RCC-FG2,RCCFG2,1524414,COSMIC_ID,HIGH,
RCC-JF,ACH-002190,RCC-JF,RCCJF,1524415,COSMIC_ID,HIGH,
RCC-JW,ACH-002191,RCC-JW,RCCJW,1524416,COSMIC_ID,HIGH,
RCC-ER,ACH-002188,RCC-ER,RCCER,1524417,COSMIC_ID,HIGH,
RCC-AB,ACH-002187,RCC-AB,RCCAB,1524418,COSMIC_ID,HIGH,
RCC-MF,ACH-002192,RCC-MF,RCCMF,1524419,COSMIC_ID,HIGH,
KMS-11,ACH-000714,KMS-11,KMS11,1659817,COSMIC_ID,HIGH,
MM1S,ACH-000763,MM1-S,MM1S,1659818,COSMIC_ID,HIGH,
OCI-LY7,ACH-001617,OCI-LY7,OCILY7,1659819,COSMIC_ID,HIGH,
TE-4,ACH-000917,TE-4,TE4,1503371,COSMIC_ID,HIGH,
SNU-1040,ACH-000999,SNU-1040,SNU1040,1659823,COSMIC_ID,HIGH,
SNU-283,ACH-000708,SNU-283,SNU283,1659929,COSMIC_ID,HIGH,
SNU-407,ACH-000955,SNU-407,SNU407,1660034,COSMIC_ID,HIGH,
SNU-61,ACH-000532,SNU-61,SNU61,1660035,COSMIC_ID,HIGH,
SNU-81,ACH-000991,SNU-81,SNU81,1660036,COSMIC_ID,HIGH,
SNU-C5,ACH-000970,SNU-C5,SNUC5,1674021,COSMIC_ID,HIGH,
DiFi,ACH-002233,DIFI,DIFI,1789883,COSMIC_ID,HIGH,
HCC202,ACH-000725,HCC202,HCC202,1290906,COSMIC_ID,HIGH,
NB69,ACH-002083,NB69,NB69,,EXACT_NAME,HIGH,
SAS,ACH-002029,SAS,SAS,,EXACT_NAME,HIGH,
TGBC1TKB,ACH-001861,TGBC1TKB,TGBC1TKB,,EXACT_NAME,HIGH,
TT,ACH-001321,TT,TT,,EXACT_NAME,HIGH,
SLVL,ACH-002062,SLVL,SLVL,,EXACT_NAME,HIGH,
SNU-175,ACH-000989,SNU-175,SNU175,1659928,COSMIC_ID,HIGH,
SKN-3,ACH-002305,SKN-3,SKN3,1299059,COSMIC_ID,HIGH,
EMC-BAC-2,ACH-002102,EMC-BAC-2,EMCBAC2,1503370,COSMIC_ID,HIGH,
KYAE-1,ACH-001544,KYAE-1,KYAE1,1503368,COSMIC_ID,HIGH,
SUP-M2,ACH-000226,SUP-M2,SUPM2,1331040,COSMIC_ID,HIGH,
TK,ACH-002313,TK,TK,1331045,COSMIC_ID,HIGH,
VAL,ACH-001703,VAL,VAL,1331048,COSMIC_ID,HIGH,
WIL2-NS,ACH-002316,WIL2-NS,WIL2NS,1331049,COSMIC_ID,HIGH,
WSU-DLCL2,ACH-000534,WSU-DLCL2,WSUDLCL2,1331050,COSMIC_ID,HIGH,
NCI-H740,ACH-002175,NCI-H740,NCIH740,1331055,COSMIC_ID,HIGH,
DOV13,ACH-001063,DOV13,DOV13,1479987,COSMIC_ID,HIGH,
Hey,ACH-002140,Hey,HEY,1479988,COSMIC_ID,HIGH,
JHOS-2,ACH-000132,JHOS-2,JHOS2,1479995,COSMIC_ID,HIGH,
JHOS-3,ACH-002146,JHOS-3,JHOS3,1480358,COSMIC_ID,HIGH,
JHOS-4,ACH-000584,JHOS-4,JHOS4,1480359,COSMIC_ID,HIGH,
OV-7,ACH-000688,OV7,OV7,1480360,COSMIC_ID,HIGH,
EMC-BAC-1,ACH-002101,EMC-BAC-1,EMCBAC1,1503369,COSMIC_ID,HIGH,
OV-17R,ACH-001373,OV17R,OV17R,1480361,COSMIC_ID,HIGH,
OVCA420,ACH-002181,OVCA420,OVCA420,1480364,COSMIC_ID,HIGH,
OVCA433,ACH-002182,OVCA433,OVCA433,1480367,COSMIC_ID,HIGH,
OVK-18,ACH-000947,OVK18,OVK18,1480371,COSMIC_ID,HIGH,
PEO1,ACH-001630,PEO1,PEO1,1480372,COSMIC_ID,HIGH,
UWB1.289,ACH-001418,UWB1.289,UWB1289,1480374,COSMIC_ID,HIGH,
FLO-1,ACH-001500,FLO-1,FLO1,1503361,COSMIC_ID,HIGH,
OACp4C,ACH-002292,OACp4C,OACP4C,1503362,COSMIC_ID,HIGH,
OACM5-1,ACH-001368,OAC-M5.1,OACM51,1503363,COSMIC_ID,HIGH,
SK-GT-2,ACH-001653,SK-GT-2,SKGT2,1503364,COSMIC_ID,HIGH,
SK-GT-4,ACH-001654,SK-GT-4,SKGT4,1503365,COSMIC_ID,HIGH,
ESO26,ACH-001496,ESO26,ESO26,1503366,COSMIC_ID,HIGH,
ESO51,ACH-001497,ESO51,ESO51,1503367,COSMIC_ID,HIGH,
OV-56,ACH-000091,OV56,OV56,1480362,COSMIC_ID,HIGH,
KYSE-220,ACH-002263,KYSE-220,KYSE220,1240167,COSMIC_ID,HIGH,
SCC90,ACH-001227,UPCI-SCC-090,UPCISCC090,1299052,COSMIC_ID,HIGH,
RKN,ACH-000505,RKN,RKN,1298539,COSMIC_ID,HIGH,
RH-41,ACH-000100,RH-41,RH41,1240210,COSMIC_ID,HIGH,
SISO,ACH-001650,SISO,SISO,1240212,COSMIC_ID,HIGH,
SKN,ACH-001655,SKN,SKN,1240215,COSMIC_ID,HIGH,
SNU-398,ACH-000221,SNU-398,SNU398,1240217,COSMIC_ID,HIGH,
SU8686,ACH-000114,SU.86.86,SU8686,1240218,COSMIC_ID,HIGH,
SUIT-2,ACH-000652,SUIT-2,SUIT2,1240219,COSMIC_ID,HIGH,
SW156,ACH-001398,SW 156,SW156,1240220,COSMIC_ID,HIGH,
TC-71,ACH-000424,TC-71,TC71,1240221,COSMIC_ID,HIGH,
TOV-21G,ACH-000885,TOV-21G,TOV21G,1240222,COSMIC_ID,HIGH,
TT2609-C02,ACH-000716,TT2609-C02,TT2609C02,1240223,COSMIC_ID,HIGH,
VMRC-RCW,ACH-000484,VMRC-RCW,VMRCRCW,1240224,COSMIC_ID,HIGH,
WM278,ACH-002206,WM278,WM278,1240226,COSMIC_ID,HIGH,
SUP-B15,ACH-000059,SUP-B15,SUPB15,1247871,COSMIC_ID,HIGH,
451Lu,ACH-001002,451Lu,451LU,1287706,COSMIC_ID,HIGH,
OCI-AML3,ACH-000336,OCI-AML3,OCIAML3,1290455,COSMIC_ID,HIGH,
ASH-3,ACH-001443,ASH-3,ASH3,1290722,COSMIC_ID,HIGH,
BICR10,ACH-001331,BICR 10,BICR10,1290724,COSMIC_ID,HIGH,
BICR31,ACH-000228,BICR 31,BICR31,1290725,COSMIC_ID,HIGH,
CAL-29,ACH-000142,CAL-29,CAL29,1290730,COSMIC_ID,HIGH,
CAL-78,ACH-000516,CAL-78,CAL78,1290765,COSMIC_ID,HIGH,
CHSA0011,ACH-002092,CHSA0011,CHSA0011,1290767,COSMIC_ID,HIGH,
CHSA0108,ACH-002093,CHSA0108,CHSA0108,1290768,COSMIC_ID,HIGH,
CL-11,ACH-000249,CL-11,CL11,1290769,COSMIC_ID,HIGH,
CS1,ACH-002099,CS1,CS1,1290795,COSMIC_ID,HIGH,
DAN-G,ACH-000243,DAN-G,DANG,1290797,COSMIC_ID,HIGH,
RERF-GC-1B,ACH-000144,RERF-GC-1B,RERFGC1B,1240209,COSMIC_ID,HIGH,
PE-CA-PJ15,ACH-000619,PE/CA-PJ15,PECAPJ15,1240207,COSMIC_ID,HIGH,
PCI-6A,ACH-002298,PCI-6A,PCI6A,1240206,COSMIC_ID,HIGH,
PCI-15A,ACH-002294,PCI-15A,PCI15A,1240204,COSMIC_ID,HIGH,
LN-229,ACH-000595,LN-229,LN229,1240169,COSMIC_ID,HIGH,
LNZTA3WT4,ACH-002269,LNZTA3WT4,LNZTA3WT4,1240170,COSMIC_ID,HIGH,
MDA-MB-436,ACH-000573,MDA-MB-436,MDAMB436,1240172,COSMIC_ID,HIGH,
MDST8,ACH-000935,MDST8,MDST8,1240173,COSMIC_ID,HIGH,
MFE-319,ACH-000988,MFE-319,MFE319,1240174,COSMIC_ID,HIGH,
ML-1,ACH-000058,ML-1,ML1,1240178,COSMIC_ID,HIGH,
MS751,ACH-001360,MS751,MS751,1240179,COSMIC_ID,HIGH,
NB(TU)1-10,ACH-002277,NB(TU)1-10,NBTU110,1240181,COSMIC_ID,HIGH,
NCI-H1836,ACH-000559,NCI-H1836,NCIH1836,1240182,COSMIC_ID,HIGH,
NCI-H1869,ACH-000894,NCI-H1869,NCIH1869,1240183,COSMIC_ID,HIGH,
NCI-H1915,ACH-000434,NCI-H1915,NCIH1915,1240184,COSMIC_ID,HIGH,
NCI-H1944,ACH-000414,NCI-H1944,NCIH1944,1240185,COSMIC_ID,HIGH,
EFM-192A,ACH-000117,EFM-192A,EFM192A,1290798,COSMIC_ID,HIGH,
NCI-H196,ACH-000752,NCI-H196,NCIH196,1240186,COSMIC_ID,HIGH,
NCI-H211,ACH-000639,NCI-H211,NCIH211,1240189,COSMIC_ID,HIGH,
NCI-H3122,ACH-000337,NCI-H3122,NCIH3122,1240190,COSMIC_ID,HIGH,
NCI-H647,ACH-000378,NCI-H647,NCIH647,1240191,COSMIC_ID,HIGH,
NCI-H841,ACH-000292,NCI-H841,NCIH841,1240192,COSMIC_ID,HIGH,
NCI-H847,ACH-001365,NCI-H847,NCIH847,1240193,COSMIC_ID,HIGH,
OSC-20,ACH-001626,OSC-20,OSC20,1240196,COSMIC_ID,HIGH,
OV-90,ACH-000291,OV-90,OV90,1240197,COSMIC_ID,HIGH,
OVISE,ACH-000527,OVISE,OVISE,1240198,COSMIC_ID,HIGH,
OVKATE,ACH-000443,OVKATE,OVKATE,1240199,COSMIC_ID,HIGH,
OVMIU,ACH-002183,OVMIU,OVMIU,1240200,COSMIC_ID,HIGH,
PA-TU-8988T,ACH-000023,PA-TU-8988T,PATU8988T,1240201,COSMIC_ID,HIGH,
PC-3_[JPC-3],ACH-002184,PC-3 [JPC-3],PC3JPC3,1240202,COSMIC_ID,HIGH,
NCI-H2023,ACH-000781,NCI-H2023,NCIH2023,1240187,COSMIC_ID,HIGH,
FU97,ACH-000633,FU97,FU97,1290806,COSMIC_ID,HIGH,
G-292-Clone-A141B1,ACH-000082,"G-292, clone A141B1",G292CLONEA141B1,1290807,COSMIC_ID,HIGH,
NCI-H2369,ACH-002123,H2369,H2369,1290808,COSMIC_ID,HIGH,
KP-3,ACH-000108,KP-3,KP3,1298219,COSMIC_ID,HIGH,
KYSE-50,ACH-002264,KYSE-50,KYSE50,1298222,COSMIC_ID,HIGH,
LC-1-sq,ACH-002156,LC-1-sq,LC1SQ,1298223,COSMIC_ID,HIGH,
LOU-NH91,ACH-000176,LOU-NH91,LOUNH91,1298226,COSMIC_ID,HIGH,
NCI-H1435,ACH-000852,NCI-H1435,NCIH1435,1298347,COSMIC_ID,HIGH,
NCI-H1568,ACH-000869,NCI-H1568,NCIH1568,1298348,COSMIC_ID,HIGH,
NCI-H1688,ACH-002170,NCI-H1688,NCIH1688,1298349,COSMIC_ID,HIGH,
NCI-H1781,ACH-000379,NCI-H1781,NCIH1781,1298350,COSMIC_ID,HIGH,
NCI-H2110,ACH-000929,NCI-H2110,NCIH2110,1298351,COSMIC_ID,HIGH,
NCI-H2135,ACH-001363,NCI-H2135,NCIH2135,1298352,COSMIC_ID,HIGH,
NCI-H2172,ACH-000924,NCI-H2172,NCIH2172,1298353,COSMIC_ID,HIGH,
NCI-H2444,ACH-000186,NCI-H2444,NCIH2444,1298356,COSMIC_ID,HIGH,
KP-2,ACH-000281,KP-2,KP2,1298218,COSMIC_ID,HIGH,
NUGC-4,ACH-000674,NUGC-4,NUGC4,1298357,COSMIC_ID,HIGH,
OE21,ACH-000544,OE21,OE21,1298359,COSMIC_ID,HIGH,
OSC-19,ACH-001625,OSC-19,OSC19,1298362,COSMIC_ID,HIGH,
OVTOKO,ACH-000663,OVTOKO,OVTOKO,1298365,COSMIC_ID,HIGH,
PANC-02-03,ACH-000042,Panc 02.03,PANC0203,1298475,COSMIC_ID,HIGH,
PANC-04-03,ACH-000235,Panc 04.03,PANC0403,1298476,COSMIC_ID,HIGH,
PA-TU-8902,ACH-000599,PA-TU-8902,PATU8902,1298526,COSMIC_ID,HIGH,
PCI-30,ACH-002295,PCI-30,PCI30,1298529,COSMIC_ID,HIGH,
PCI-4B,ACH-002297,PCI-4B,PCI4B,1298531,COSMIC_ID,HIGH,
PL4,ACH-002186,PL4,PL4,1298533,COSMIC_ID,HIGH,
QGP-1,ACH-000347,QGP-1,QGP1,1298534,COSMIC_ID,HIGH,
RERF-LC-KJ,ACH-000482,RERF-LC-KJ,RERFLCKJ,1298537,COSMIC_ID,HIGH,
RERF-LC-Sq1,ACH-000442,RERF-LC-Sq1,RERFLCSQ1,1298538,COSMIC_ID,HIGH,
OCUM-1,ACH-000247,OCUM-1,OCUM1,1298358,COSMIC_ID,HIGH,
SAT,ACH-001641,SAT,SAT,1299050,COSMIC_ID,HIGH,
KP-1N,ACH-001107,KP-1N,KP1N,1298216,COSMIC_ID,HIGH,
KMRC-20,ACH-000250,KMRC-20,KMRC20,1298169,COSMIC_ID,HIGH,
NCI-H2373,ACH-002124,H2373,H2373,1290809,COSMIC_ID,HIGH,
NCI-H2461,ACH-002125,H2461,H2461,1290810,COSMIC_ID,HIGH,
NCI-H2722,ACH-002128,H2722,H2722,1290812,COSMIC_ID,HIGH,
NCI-H2795,ACH-002130,H2795,H2795,1290813,COSMIC_ID,HIGH,
NCI-H2818,ACH-002134,H2818,H2818,1290814,COSMIC_ID,HIGH,
HCC1428,ACH-000352,HCC1428,HCC1428,1290905,COSMIC_ID,HIGH,
HCC-78,ACH-000562,HCC-78,HCC78,1290908,COSMIC_ID,HIGH,
HDQ-P1,ACH-000643,HDQ-P1,HDQP1,1290922,COSMIC_ID,HIGH,
ALL-SIL,ACH-000105,ALL-SIL,ALLSIL,1295740,COSMIC_ID,HIGH,
AMO-1,ACH-000838,AMO-1,AMO1,1295741,COSMIC_ID,HIGH,
COR-L303,ACH-002095,COR-L303,CORL303,1297438,COSMIC_ID,HIGH,
COR-L95,ACH-000743,COR-L95,CORL95,1297439,COSMIC_ID,HIGH,
KON,ACH-001542,KON,KON,1298215,COSMIC_ID,HIGH,
DND-41,ACH-000981,DND-41,DND41,1297446,COSMIC_ID,HIGH,
Farage,ACH-001498,Farage,FARAGE,1297449,COSMIC_ID,HIGH,
HeLa,ACH-001086,HeLa,HELA,1298134,COSMIC_ID,HIGH,
HPAC,ACH-000270,HPAC,HPAC,1298136,COSMIC_ID,HIGH,
Hs-766T,ACH-000178,Hs 766T,HS766T,1298141,COSMIC_ID,HIGH,
Hs-939-T,ACH-000814,Hs 939.T,HS939T,1298144,COSMIC_ID,HIGH,
Hs-940-T,ACH-000135,Hs 940.T,HS940T,1298145,COSMIC_ID,HIGH,
huH-1,ACH-000475,huH-1,HUH1,1298146,COSMIC_ID,HIGH,
JHH-1,ACH-000620,JHH-1,JHH1,1298151,COSMIC_ID,HIGH,
JHU-029,ACH-002251,JHU-029,JHU029,1298156,COSMIC_ID,HIGH,
JIMT-1,ACH-000711,JIMT-1,JIMT1,1298157,COSMIC_ID,HIGH,
K2,ACH-002147,K2,K2,1298160,COSMIC_ID,HIGH,
KMRC-1,ACH-000684,KMRC-1,KMRC1,1298168,COSMIC_ID,HIGH,
EJM,ACH-000821,EJM,EJM,1297447,COSMIC_ID,HIGH,
SNU-387,ACH-000478,SNU-387,SNU387,909736,COSMIC_ID,HIGH,
SW13,ACH-001401,SW-13,SW13,909744,COSMIC_ID,HIGH,
SK-UT-1,ACH-000939,SK-UT-1,SKUT1,909732,COSMIC_ID,HIGH,
SK-MM-2,ACH-000363,SK-MM-2,SKMM2,753612,COSMIC_ID,HIGH,
TE-15,ACH-000353,TE-15,TE15,753614,COSMIC_ID,HIGH,
U-266,ACH-000626,U266B1,U266B1,753615,COSMIC_ID,HIGH,
BE2-M17,ACH-002217,BE2-M17,BE2M17,753616,COSMIC_ID,HIGH,
KELLY,ACH-000259,KELLY,KELLY,753618,COSMIC_ID,HIGH,
SIMA,ACH-000099,SIMA,SIMA,753620,COSMIC_ID,HIGH,
TE-1,ACH-000647,TE-1,TE1,753621,COSMIC_ID,HIGH,
TE-10,ACH-000318,TE-10,TE10,753622,COSMIC_ID,HIGH,
TE-8,ACH-000452,TE-8,TE8,753623,COSMIC_ID,HIGH,
CAPAN-1,ACH-000354,Capan-1,CAPAN1,753624,COSMIC_ID,HIGH,
OVCAR-3,ACH-000001,NIH:OVCAR-3,NIHOVCAR3,905933,COSMIC_ID,HIGH,
PC-3,ACH-000090,PC-3,PC3,905934,COSMIC_ID,HIGH,
DU-145,ACH-000979,DU 145,DU145,905935,COSMIC_ID,HIGH,
HCT-116,ACH-000971,HCT 116,HCT116,905936,COSMIC_ID,HIGH,
HCT-15,ACH-000997,HCT-15,HCT15,905937,COSMIC_ID,HIGH,
HL-60,ACH-000002,HL-60,HL60,905938,COSMIC_ID,HIGH,
HT-29,ACH-000552,HT-29,HT29,905939,COSMIC_ID,HIGH,
K-562,ACH-000551,K-562,K562,905940,COSMIC_ID,HIGH,
NCI-H226,ACH-000367,NCI-H226,NCIH226,905941,COSMIC_ID,HIGH,
NCI-H23,ACH-000900,NCI-H23,NCIH23,905942,COSMIC_ID,HIGH,
NCI-H460,ACH-000463,NCI-H460,NCIH460,905943,COSMIC_ID,HIGH,
NCI-H522,ACH-000343,NCI-H522,NCIH522,905944,COSMIC_ID,HIGH,
T47D,ACH-000147,T-47D,T47D,905945,COSMIC_ID,HIGH,
MCF7,ACH-000019,MCF7,MCF7,905946,COSMIC_ID,HIGH,
786-0,ACH-000649,786-O,786O,905947,COSMIC_ID,HIGH,
SBC-3,ACH-002197,SBC-3,SBC3,753610,COSMIC_ID,HIGH,
PC-14,ACH-000030,PC-14,PC14,753608,COSMIC_ID,HIGH,
NCI-H835,ACH-002177,NCI-H835,NCIH835,753607,COSMIC_ID,HIGH,
NCI-H510A,ACH-000871,NCI-H510,NCIH510,753605,COSMIC_ID,HIGH,
IM-9,ACH-002247,IM-9,IM9,753563,COSMIC_ID,HIGH,
IST-SL1,ACH-002144,IST-SL1,ISTSL1,753564,COSMIC_ID,HIGH,
IST-SL2,ACH-002145,IST-SL2,ISTSL2,753565,COSMIC_ID,HIGH,
J82,ACH-000396,J82,J82,753566,COSMIC_ID,HIGH,
KNS-62,ACH-000858,KNS-62,KNS62,753569,COSMIC_ID,HIGH,
KOSC-2,ACH-001543,KOSC-2,KOSC2,753570,COSMIC_ID,HIGH,
KP-4,ACH-000265,KP-4,KP4,753572,COSMIC_ID,HIGH,
KYSE-140,ACH-000823,KYSE-140,KYSE140,753573,COSMIC_ID,HIGH,
KYSE-410,ACH-000809,KYSE-410,KYSE410,753574,COSMIC_ID,HIGH,
KYSE-520,ACH-000637,KYSE-520,KYSE520,753575,COSMIC_ID,HIGH,
KYSE-70,ACH-000784,KYSE-70,KYSE70,753576,COSMIC_ID,HIGH,
LB1047-RCC,ACH-002150,LB1047-RCC,LB1047RCC,753577,COSMIC_ID,HIGH,
A498,ACH-000555,A-498,A498,905948,COSMIC_ID,HIGH,
LB2241-RCC,ACH-002151,LB2241-RCC,LB2241RCC,753578,COSMIC_ID,HIGH,
LB373-MEL-D,ACH-002153,LB373-MEL-D,LB373MELD,753581,COSMIC_ID,HIGH,
LB647-SCLC,ACH-002154,LB647-SCLC,LB647SCLC,753582,COSMIC_ID,HIGH,
LB771-HNC,ACH-002265,LB771-HNC,LB771HNC,753583,COSMIC_ID,HIGH,
LB831-BLC,ACH-002266,LB831-BLC,LB831BLC,753584,COSMIC_ID,HIGH,
LB996-RCC,ACH-002155,LB996-RCC,LB996RCC,753585,COSMIC_ID,HIGH,
LCLC-103H,ACH-000627,LCLC-103H,LCLC103H,753586,COSMIC_ID,HIGH,
LXF-289,ACH-000787,LXF-289,LXF289,753592,COSMIC_ID,HIGH,
MS-1,ACH-001131,MS-1,MSDASH1,753594,COSMIC_ID,HIGH,
MZ1-PC,ACH-002164,MZ1-PC,MZ1PC,753595,COSMIC_ID,HIGH,
MZ7-mel,ACH-002166,MZ7-mel,MZ7MEL,753596,COSMIC_ID,HIGH,
NCI-H1563,ACH-000892,NCI-H1563,NCIH1563,753600,COSMIC_ID,HIGH,
NCI-H292,ACH-001075,NCI-H292,NCIH292,753604,COSMIC_ID,HIGH,
LB2518-MEL,ACH-002152,LB2518-MEL,LB2518MEL,753579,COSMIC_ID,HIGH,
A549,ACH-000681,A549,A549,905949,COSMIC_ID,HIGH,
ACHN,ACH-000046,ACHN,ACHN,905950,COSMIC_ID,HIGH,
BT-549,ACH-000288,BT-549,BT549,905951,COSMIC_ID,HIGH,
SF539,ACH-000273,SF539,SF539,905984,COSMIC_ID,HIGH,
SF295,ACH-000376,SF-295,SF295,905985,COSMIC_ID,HIGH,
SF268,ACH-000655,SF268,SF268,905986,COSMIC_ID,HIGH,
KM12,ACH-000969,KM12,KM12,905989,COSMIC_ID,HIGH,
OVCAR-4,ACH-000617,OVCAR-4,OVCAR4,905990,COSMIC_ID,HIGH,
OVCAR-8,ACH-000696,OVCAR-8,OVCAR8,905991,COSMIC_ID,HIGH,
BxPC-3,ACH-000535,BxPC-3,BXPC3,906693,COSMIC_ID,HIGH,
BONNA-12,ACH-001452,BONNA-12,BONNA12,906695,COSMIC_ID,HIGH,
BHT-101,ACH-000191,BHT-101,BHT101,906696,COSMIC_ID,HIGH,
Becker,ACH-001016,Becker,BECKER,906746,COSMIC_ID,HIGH,
BE-13,ACH-002216,BE-13,BE13,906763,COSMIC_ID,HIGH,
ARH-77,ACH-002210,ARH-77,ARH77,906765,COSMIC_ID,HIGH,
U251,ACH-000232,U-251 MG,U251MG,905983,COSMIC_ID,HIGH,
AGS,ACH-000880,AGS,AGS,906790,COSMIC_ID,HIGH,
A2058,ACH-000788,A2058,A2058,906792,COSMIC_ID,HIGH,
A375,ACH-000219,A-375,A375,906793,COSMIC_ID,HIGH,
A253,ACH-000740,A-253,A253,906794,COSMIC_ID,HIGH,
8305C,ACH-001306,8305C,8305C,906795,COSMIC_ID,HIGH,
647-V,ACH-000896,647-V,647V,906797,COSMIC_ID,HIGH,
639-V,ACH-000973,639-V,639V,906798,COSMIC_ID,HIGH,
697,ACH-000070,697,697,906800,COSMIC_ID,HIGH,
SNG-M,ACH-000974,SNG-M,SNGM,909735,COSMIC_ID,HIGH,
A2780,ACH-000657,A2780,A2780,906804,COSMIC_ID,HIGH,
COR-L105,ACH-000161,COR-L105,CORL105,906805,COSMIC_ID,HIGH,
CRO-AP2,ACH-002220,CRO-AP2,CROAP2,906807,COSMIC_ID,HIGH,
COR-L88,ACH-000508,COR-L88,CORL88,906808,COSMIC_ID,HIGH,
ABC-1,ACH-000528,ABC-1,ABC1,906791,COSMIC_ID,HIGH,
HSC-2,ACH-000472,HSC-2,HSC2,753562,COSMIC_ID,HIGH,
SNB75,ACH-000504,SNB75,SNB75,905982,COSMIC_ID,HIGH,
TK10,ACH-001208,TK-10,TK10,905980,COSMIC_ID,HIGH,
CCRF-CEM,ACH-001738,CCRF-CEM,CCRFCEM,905952,COSMIC_ID,HIGH,
SK-MEL-28,ACH-000615,SK-MEL-28,SKMEL28,905954,COSMIC_ID,HIGH,
SK-MEL-2,ACH-001190,SK-MEL-2,SKMEL2,905955,COSMIC_ID,HIGH,
SK-MEL-5,ACH-000730,SK-MEL-5,SKMEL5,905956,COSMIC_ID,HIGH,
Hs-578-T,ACH-000148,Hs 578T,HS578T,905957,COSMIC_ID,HIGH,
MOLT-4,ACH-001127,MOLT-4,MOLT4,905958,COSMIC_ID,HIGH,
SK-OV-3,ACH-000811,SK-OV-3,SKOV3,905959,COSMIC_ID,HIGH,
MDA-MB-231,ACH-000768,MDA-MB-231,MDAMB231,905960,COSMIC_ID,HIGH,
COLO-205,ACH-001039,COLO 205,COLO205,905961,COSMIC_ID,HIGH,
SW620,ACH-000651,SW 620,SW620,905962,COSMIC_ID,HIGH,
CAKI-1,ACH-000433,Caki-1,CAKI1,905963,COSMIC_ID,HIGH,
RPMI-8226,ACH-000817,RPMI 8226,RPMI8226,905964,COSMIC_ID,HIGH,
U031,ACH-000428,UO-31,UO31,905981,COSMIC_ID,HIGH,
SR,ACH-000338,SR-786,SR786,905965,COSMIC_ID,HIGH,
IGROV-1,ACH-000966,IGROV1,IGROV1,905968,COSMIC_ID,HIGH,
OVCAR-5,ACH-001151,OVCAR-5,OVCAR5,905969,COSMIC_ID,HIGH,
EKVX,ACH-000706,EKVX,EKVX,905970,COSMIC_ID,HIGH,
HCC2998,ACH-001081,HCC2998,HCC2998,905971,COSMIC_ID,HIGH,
HOP-62,ACH-000861,HOP-62,HOP62,905972,COSMIC_ID,HIGH,
HOP-92,ACH-000825,HOP-92,HOP92,905973,COSMIC_ID,HIGH,
LOXIMVI,ACH-000750,LOX IMVI,LOXIMVI,905974,COSMIC_ID,HIGH,
M14,ACH-002159,M14,M14,905975,COSMIC_ID,HIGH,
UACC-62,ACH-000425,UACC-62,UACC62,905976,COSMIC_ID,HIGH,
UACC-257,ACH-000579,UACC-257,UACC257,905977,COSMIC_ID,HIGH,
RXF393,ACH-002195,RXF393,RXF393,905978,COSMIC_ID,HIGH,
SN12C,ACH-002199,SN12C,SN12C,905979,COSMIC_ID,HIGH,
NCI-H322M,ACH-002172,NCI-H322M,NCIH322M,905967,COSMIC_ID,HIGH,
HCE-4,ACH-002243,HCE-4,HCE4,753559,COSMIC_ID,HIGH,
HA7-RCC,ACH-002139,HA7-RCC,HA7RCC,753558,COSMIC_ID,HIGH,
EPLC-272H,ACH-000585,EPLC-272H,EPLC272H,753556,COSMIC_ID,HIGH,
NCI-H1693,ACH-000021,NCI-H1693,NCIH1693,687802,COSMIC_ID,HIGH,
NCI-H1770,ACH-001362,NCI-H1770,NCIH1770,687804,COSMIC_ID,HIGH,
NCI-H1838,ACH-000733,NCI-H1838,NCIH1838,687807,COSMIC_ID,HIGH,
NCI-H2085,ACH-000451,NCI-H2085,NCIH2085,687812,COSMIC_ID,HIGH,
NCI-H2170,ACH-000481,NCI-H2170,NCIH2170,687815,COSMIC_ID,HIGH,
NCI-H2228,ACH-000447,NCI-H2228,NCIH2228,687816,COSMIC_ID,HIGH,
NCI-H2342,ACH-000951,NCI-H2342,NCIH2342,687819,COSMIC_ID,HIGH,
NCI-H2347,ACH-000875,NCI-H2347,NCIH2347,687820,COSMIC_ID,HIGH,
NCI-H2405,ACH-000121,NCI-H2405,NCIH2405,687821,COSMIC_ID,HIGH,
NCI-H661,ACH-000853,NCI-H661,NCIH661,687829,COSMIC_ID,HIGH,
COR-L311,ACH-000187,COR-L311,CORL311,687980,COSMIC_ID,HIGH,
DMS-114,ACH-000530,DMS 114,DMS114,687983,COSMIC_ID,HIGH,
NCI-H1650,ACH-000035,NCI-H1650,NCIH1650,687800,COSMIC_ID,HIGH,
DMS-273,ACH-000749,DMS 273,DMS273,687985,COSMIC_ID,HIGH,
NCI-H1092,ACH-000514,NCI-H1092,NCIH1092,687997,COSMIC_ID,HIGH,
NCI-H1694,ACH-000431,NCI-H1694,NCIH1694,688006,COSMIC_ID,HIGH,
NCI-H1963,ACH-000729,NCI-H1963,NCIH1963,688010,COSMIC_ID,HIGH,
NCI-H2029,ACH-000298,NCI-H2029,NCIH2029,688011,COSMIC_ID,HIGH,
NCI-H209,ACH-000290,NCI-H209,NCIH209,688013,COSMIC_ID,HIGH,
NCI-H2141,ACH-001138,NCI-H2141,NCIH2141,688014,COSMIC_ID,HIGH,
NCI-H2171,ACH-000525,NCI-H2171,NCIH2171,688015,COSMIC_ID,HIGH,
NCI-H2227,ACH-000610,NCI-H2227,NCIH2227,688018,COSMIC_ID,HIGH,
NCI-H345,ACH-001364,NCI-H345,NCIH345,688021,COSMIC_ID,HIGH,
NCI-H446,ACH-000800,NCI-H446,NCIH446,688023,COSMIC_ID,HIGH,
NCI-H526,ACH-000767,NCI-H526,NCIH526,688025,COSMIC_ID,HIGH,
NCI-H64,ACH-001599,NCI-H64,NCIH64,688026,COSMIC_ID,HIGH,
NCI-H1048,ACH-000866,NCI-H1048,NCIH1048,687995,COSMIC_ID,HIGH,
NCI-H69,ACH-000358,NCI-H69,NCIH69,688027,COSMIC_ID,HIGH,
NCI-H1648,ACH-000766,NCI-H1648,NCIH1648,687799,COSMIC_ID,HIGH,
NCI-H1437,ACH-000589,NCI-H1437,NCIH1437,687794,COSMIC_ID,HIGH,
A673,ACH-000052,A-673,A673,684052,COSMIC_ID,HIGH,
ES5,ACH-002106,ES5,ES5,684057,COSMIC_ID,HIGH,
ES7,ACH-002108,ES7,ES7,684059,COSMIC_ID,HIGH,
EW-11,ACH-002111,EW-11,EW11,684062,COSMIC_ID,HIGH,
SK-ES-1,ACH-000087,SK-ES-1,SKES1,684072,COSMIC_ID,HIGH,
COLO-829,ACH-000644,COLO 829,COLO829,687448,COSMIC_ID,HIGH,
5637,ACH-000905,5637,5637,687452,COSMIC_ID,HIGH,
RT4,ACH-000242,RT4,RT4,687455,COSMIC_ID,HIGH,
SW780,ACH-000384,SW 780,SW780,687457,COSMIC_ID,HIGH,
TCCSUP,ACH-000720,TCCSUP,TCCSUP,687459,COSMIC_ID,HIGH,
C-33-A,ACH-001333,C-33 A,C33A,687505,COSMIC_ID,HIGH,
C-4-I,ACH-001334,C-4 I,C4I,687506,COSMIC_ID,HIGH,
NCI-H1623,ACH-000744,NCI-H1623,NCIH1623,687798,COSMIC_ID,HIGH,
ME-180,ACH-001359,ME-180,ME180,687514,COSMIC_ID,HIGH,
8-MG-BA,ACH-000137,8-MG-BA,8MGBA,687562,COSMIC_ID,HIGH,
A172,ACH-000558,A-172,A172,687563,COSMIC_ID,HIGH,
GB-1,ACH-000738,GB-1,GB1,687568,COSMIC_ID,HIGH,
T98G,ACH-000571,T98G,T98G,687586,COSMIC_ID,HIGH,
U-118-MG,ACH-000040,U-118 MG,U118MG,687588,COSMIC_ID,HIGH,
U-87-MG,ACH-000075,U-87 MG,U87MG,687590,COSMIC_ID,HIGH,
YKG-1,ACH-000570,YKG1,YKG1,687592,COSMIC_ID,HIGH,
ChaGo-K-1,ACH-000867,ChaGo-K-1,CHAGOK1,687596,COSMIC_ID,HIGH,
NCI-H720,ACH-002174,NCI-H720,NCIH720,687600,COSMIC_ID,HIGH,
Calu-3,ACH-000392,Calu-3,CALU3,687777,COSMIC_ID,HIGH,
COR-L23,ACH-000662,COR-L23,CORL23,687780,COSMIC_ID,HIGH,
LK-2,ACH-000769,LK-2,LK2,687787,COSMIC_ID,HIGH,
42-MG-BA,ACH-000323,42-MG-BA,42MGBA,687561,COSMIC_ID,HIGH,
COLO-800,ACH-000401,COLO-800,COLO800,906813,COSMIC_ID,HIGH,
NCI-H82,ACH-000355,NCI-H82,NCIH82,688031,COSMIC_ID,HIGH,
SK-N-DZ,ACH-000366,SK-N-DZ,SKNDZ,688086,COSMIC_ID,HIGH,
HCC1954,ACH-000859,HCC1954,HCC1954,749709,COSMIC_ID,HIGH,
HCC1143,ACH-000374,HCC1143,HCC1143,749710,COSMIC_ID,HIGH,
HCC1187,ACH-000111,HCC1187,HCC1187,749711,COSMIC_ID,HIGH,
HCC1395,ACH-000699,HCC1395,HCC1395,749712,COSMIC_ID,HIGH,
HCC1599,ACH-000196,HCC1599,HCC1599,749713,COSMIC_ID,HIGH,
HCC1937,ACH-000223,HCC1937,HCC1937,749714,COSMIC_ID,HIGH,
HCC2157,ACH-000691,HCC2157,HCC2157,749715,COSMIC_ID,HIGH,
HCC2218,ACH-000755,HCC2218,HCC2218,749716,COSMIC_ID,HIGH,
HCC38,ACH-000276,HCC38,HCC38,749717,COSMIC_ID,HIGH,
BB30-HNC,ACH-002212,BB30-HNC,BB30HNC,753531,COSMIC_ID,HIGH,
BB49-HNC,ACH-002213,BB49-HNC,BB49HNC,753532,COSMIC_ID,HIGH,
BB65-RCC,ACH-002090,BB65-RCC,BB65RCC,753533,COSMIC_ID,HIGH,
TE-5,ACH-000408,TE-5,TE5,735784,COSMIC_ID,HIGH,
BEN,ACH-000603,BEN,BEN,753534,COSMIC_ID,HIGH,
CADO-ES1,ACH-000210,CADO-ES1,CADOES1,753539,COSMIC_ID,HIGH,
CAL-12T,ACH-000826,CAL-12T,CAL12T,753540,COSMIC_ID,HIGH,
CAL-33,ACH-000518,CAL-33,CAL33,753541,COSMIC_ID,HIGH,
CP50-MEL-B,ACH-002096,CP50-MEL-B,CP50MELB,753545,COSMIC_ID,HIGH,
CP66-MEL,ACH-002097,CP66-MEL,CP66MEL,753546,COSMIC_ID,HIGH,
CPC-N,ACH-001049,CPC-N,CPCN,753547,COSMIC_ID,HIGH,
CTV-1,ACH-002222,CTV-1,CTV1,753548,COSMIC_ID,HIGH,
D-542MG,ACH-002230,D-542MG,D542MG,753549,COSMIC_ID,HIGH,
DMS-79,ACH-000703,DMS 79,DMS79,753551,COSMIC_ID,HIGH,
DSH1,ACH-002235,DSH1,DSH1,753552,COSMIC_ID,HIGH,
EBC-1,ACH-000563,EBC-1,EBC1,753554,COSMIC_ID,HIGH,
EC-GI-10,ACH-000305,EC-GI-10,ECGI10,753555,COSMIC_ID,HIGH,
BHY,ACH-000548,BHY,BHY,753535,COSMIC_ID,HIGH,
NCI-H2052,ACH-000153,NCI-H2052,NCIH2052,688058,COSMIC_ID,HIGH,
SW1573,ACH-000677,SW 1573,SW1573,724878,COSMIC_ID,HIGH,
NCI-H2009,ACH-000886,NCI-H2009,NCIH2009,724873,COSMIC_ID,HIGH,
SK-N-FI,ACH-000341,SK-N-FI,SKNFI,688087,COSMIC_ID,HIGH,
VA-ES-BJ,ACH-001702,VA-ES-BJ,VAESBJ,688121,COSMIC_ID,HIGH,
VMRC-LCD,ACH-001233,VMRC-LCD,VMRCLCD,713869,COSMIC_ID,HIGH,
SBC-5,ACH-000670,SBC-5,SBC5,713880,COSMIC_ID,HIGH,
SBC-1,ACH-002196,SBC-1,SBC1,713885,COSMIC_ID,HIGH,
LU-135,ACH-001549,Lu-135,LU135,713899,COSMIC_ID,HIGH,
SK-N-SH,ACH-000149,SK-N-SH,SKNSH,717431,COSMIC_ID,HIGH,
NCI-H2030,ACH-000521,NCI-H2030,NCIH2030,722045,COSMIC_ID,HIGH,
NCI-H2122,ACH-000311,NCI-H2122,NCIH2122,722046,COSMIC_ID,HIGH,
NCI-H1734,ACH-000675,NCI-H1734,NCIH1734,722058,COSMIC_ID,HIGH,
NCI-H650,ACH-000945,NCI-H650,NCIH650,722066,COSMIC_ID,HIGH,
T24,ACH-000018,T24,T24,724812,COSMIC_ID,HIGH,
NCI-H2291,ACH-000718,NCI-H2291,NCIH2291,724874,COSMIC_ID,HIGH,
NCI-H929,ACH-000050,NCI-H929,NCIH929,724825,COSMIC_ID,HIGH,
NCI-H1299,ACH-000510,NCI-H1299,NCIH1299,724831,COSMIC_ID,HIGH,
NCI-H2087,ACH-000841,NCI-H2087,NCIH2087,724834,COSMIC_ID,HIGH,
UM-UC-3,ACH-000522,UM-UC-3,UMUC3,724838,COSMIC_ID,HIGH,
SW756,ACH-001402,SW756,SW756,724839,COSMIC_ID,HIGH,
NCI-H727,ACH-000775,NCI-H727,NCIH727,724855,COSMIC_ID,HIGH,
Calu-6,ACH-000264,Calu-6,CALU6,724859,COSMIC_ID,HIGH,
LU-65,ACH-000438,Lu-65,LU65,724863,COSMIC_ID,HIGH,
NCI-H1355,ACH-000666,NCI-H1355,NCIH1355,724866,COSMIC_ID,HIGH,
NCI-H1792,ACH-000496,NCI-H1792,NCIH1792,724868,COSMIC_ID,HIGH,
HPAF-II,ACH-000094,HPAF-II,HPAFII,724869,COSMIC_ID,HIGH,
MIA-PaCa-2,ACH-000601,MIA PaCa-2,MIAPACA2,724870,COSMIC_ID,HIGH,
SHP-77,ACH-000790,SHP-77,SHP77,724872,COSMIC_ID,HIGH,
SK-N-AS,ACH-000260,SK-N-AS,SKNAS,724828,COSMIC_ID,HIGH,
COLO-792,ACH-000968,COLO 792,COLO792,906814,COSMIC_ID,HIGH,
BT-20,ACH-000536,BT-20,BT20,906801,COSMIC_ID,HIGH,
COLO-679,ACH-000805,COLO-679,COLO679,906818,COSMIC_ID,HIGH,
MOLT-16,ACH-000918,MOLT-16,MOLT16,908147,COSMIC_ID,HIGH,
MONO-MAC-6,ACH-000006,MONO-MAC-6,MONOMAC6,908148,COSMIC_ID,HIGH,
MPP-89,ACH-000319,MPP 89,MPP89,908150,COSMIC_ID,HIGH,
MRK-nu-1,ACH-002163,MRK-nu-1,MRKNU1,908151,COSMIC_ID,HIGH,
MSTO-211H,ACH-000335,MSTO-211H,MSTO211H,908152,COSMIC_ID,HIGH,
MV-4-11,ACH-000045,MV4-11,MV411,908156,COSMIC_ID,HIGH,
NALM-6,ACH-000938,NALM-6,NALM6,908158,COSMIC_ID,HIGH,
NAMALWA,ACH-000944,NAMALWA,NAMALWA,908159,COSMIC_ID,HIGH,
NCCIT,ACH-001578,NCCIT,NCCIT,908441,COSMIC_ID,HIGH,
NCI-H508,ACH-000360,NCI-H508,NCIH508,908442,COSMIC_ID,HIGH,
NCI-H520,ACH-000395,NCI-H520,NCIH520,908443,COSMIC_ID,HIGH,
SNU-1,ACH-000932,SNU-1,SNU1,908444,COSMIC_ID,HIGH,
SNU-5,ACH-000303,SNU-5,SNU5,908445,COSMIC_ID,HIGH,
SNU-16,ACH-000581,SNU-16,SNU16,908446,COSMIC_ID,HIGH,
NH-12,ACH-001603,NH-12,NH12,908447,COSMIC_ID,HIGH,
NKM-1,ACH-002290,NKM-1,NKM1,908448,COSMIC_ID,HIGH,
NMC-G1,ACH-000200,NMC-G1,NMCG1,908449,COSMIC_ID,HIGH,
no-11,ACH-001606,no.11,NO11,908450,COSMIC_ID,HIGH,
NOMO-1,ACH-000168,NOMO-1,NOMO1,908451,COSMIC_ID,HIGH,
no-10,ACH-001605,no.10,NO10,908452,COSMIC_ID,HIGH,
NTERA-2-cl-D1,ACH-002291,NTERA-2 cl.D1,NTERA2CLD1,908454,COSMIC_ID,HIGH,
NUGC-3,ACH-000911,NUGC-3,NUGC3,908455,COSMIC_ID,HIGH,
NCI-H747,ACH-000403,NCI-H747,NCIH747,908457,COSMIC_ID,HIGH,
NCI-H716,ACH-000491,NCI-H716,NCIH716,908458,COSMIC_ID,HIGH,
NCI-H596,ACH-000628,NCI-H596,NCIH596,908459,COSMIC_ID,HIGH,
MOLT-13,ACH-000795,MOLT-13,MOLT13,908146,COSMIC_ID,HIGH,
MOG-G-UVW,ACH-001126,MOG-G-UVW,MOGGUVW,908145,COSMIC_ID,HIGH,
MOG-G-CCM,ACH-001125,MOG-G-CCM,MOGGCCM,908144,COSMIC_ID,HIGH,
MN-60,ACH-002275,MN-60,MN60,908143,COSMIC_ID,HIGH,
LS-411N,ACH-000985,LS411N,LS411N,907794,COSMIC_ID,HIGH,
LS-513,ACH-000007,LS513,LS513,907795,COSMIC_ID,HIGH,
LU-99A,ACH-002158,LU-99A,LU99A,907796,COSMIC_ID,HIGH,
MC116,ACH-000583,MC116,MC116,907799,COSMIC_ID,HIGH,
MC-IXC,ACH-002160,MC-IXC,MCIXC,908118,COSMIC_ID,HIGH,
COLO-680N,ACH-000717,COLO-680N,COLO680N,906817,COSMIC_ID,HIGH,
MDA-MB-361,ACH-000934,MDA-MB-361,MDAMB361,908121,COSMIC_ID,HIGH,
MDA-MB-453,ACH-000910,MDA-MB-453,MDAMB453,908122,COSMIC_ID,HIGH,
MDA-MB-468,ACH-000849,MDA-MB-468,MDAMB468,908123,COSMIC_ID,HIGH,
MEL-HO,ACH-000450,MEL-HO,MELHO,908124,COSMIC_ID,HIGH,
MEL-JUSO,ACH-000881,MEL-JUSO,MELJUSO,908125,COSMIC_ID,HIGH,
MEG-01,ACH-000072,MEG-01,MEG01,908126,COSMIC_ID,HIGH,
NCI-H441,ACH-000638,NCI-H441,NCIH441,908460,COSMIC_ID,HIGH,
MES-SA,ACH-000449,MES-SA,MESSA,908127,COSMIC_ID,HIGH,
MFE-280,ACH-000192,MFE-280,MFE280,908129,COSMIC_ID,HIGH,
MFE-296,ACH-000879,MFE-296,MFE296,908130,COSMIC_ID,HIGH,
MG-63,ACH-000359,MG-63,MG63,908131,COSMIC_ID,HIGH,
MHH-CALL-2,ACH-000020,MHH-CALL-2,MHHCALL2,908132,COSMIC_ID,HIGH,
MHH-CALL-4,ACH-000156,MHH-CALL-4,MHHCALL4,908133,COSMIC_ID,HIGH,
MHH-ES-1,ACH-000391,MHH-ES-1,MHHES1,908134,COSMIC_ID,HIGH,
MHH-NB-11,ACH-000078,MHH-NB-11,MHHNB11,908135,COSMIC_ID,HIGH,
MHH-PREB-1,ACH-002272,MHH-PREB-1,MHHPREB1,908136,COSMIC_ID,HIGH,
MKN1,ACH-000351,MKN1,MKN1,908138,COSMIC_ID,HIGH,
MKN28,ACH-002161,MKN28,MKN28,908139,COSMIC_ID,HIGH,
ML-2,ACH-002273,ML-2,ML2,908141,COSMIC_ID,HIGH,
MLMA,ACH-002274,MLMA,MLMA,908142,COSMIC_ID,HIGH,
Mewo,ACH-000987,MeWo,MEWO,908128,COSMIC_ID,HIGH,
NCI-N87,ACH-000427,NCI-N87,NCIN87,908461,COSMIC_ID,HIGH,
NCI-H2452,ACH-000092,NCI-H2452,NCIH2452,908462,COSMIC_ID,HIGH,
NCI-H1793,ACH-000888,NCI-H1793,NCIH1793,908463,COSMIC_ID,HIGH,
RPMI-6666,ACH-001182,RPMI 6666,RPMI6666,909701,COSMIC_ID,HIGH,
RPMI-8402,ACH-000636,RPMI-8402,RPMI8402,909702,COSMIC_ID,HIGH,
RS4-11,ACH-000874,RS4;11,RS411,909703,COSMIC_ID,HIGH,
RT-112,ACH-000473,RT-112,RT112,909704,COSMIC_ID,HIGH,
RVH-421,ACH-000614,RVH-421,RVH421,909706,COSMIC_ID,HIGH,
Saos-2,ACH-000410,Saos-2,SAOS2,909707,COSMIC_ID,HIGH,
SCC-9,ACH-000181,SCC-9,SCC9,909709,COSMIC_ID,HIGH,
SCH,ACH-002198,SCH,SCH,909711,COSMIC_ID,HIGH,
SF126,ACH-000609,SF126,SF126,909712,COSMIC_ID,HIGH,
SH-4,ACH-000441,SH-4,SH4,909713,COSMIC_ID,HIGH,
SIG-M5,ACH-000112,SIG-M5,SIGM5,909715,COSMIC_ID,HIGH,
SJRH30,ACH-001189,SJRH-30,SJRH30,909716,COSMIC_ID,HIGH,
RMG-I,ACH-000719,RMG-I,RMGI,909699,COSMIC_ID,HIGH,
SJSA-1,ACH-000748,SJSA-1,SJSA1,909717,COSMIC_ID,HIGH,
SK-HEP-1,ACH-000361,SK-HEP-1,SKHEP1,909719,COSMIC_ID,HIGH,
SK-LMS-1,ACH-000145,SK-LMS-1,SKLMS1,909720,COSMIC_ID,HIGH,
SK-LU-1,ACH-000309,SK-LU-1,SKLU1,909721,COSMIC_ID,HIGH,
SKM-1,ACH-000373,SKM-1,SKM1,909722,COSMIC_ID,HIGH,
SK-MEL-1,ACH-000465,SK-MEL-1,SKMEL1,909723,COSMIC_ID,HIGH,
SK-MEL-3,ACH-000423,SK-MEL-3,SKMEL3,909724,COSMIC_ID,HIGH,
SK-MEL-24,ACH-000822,SK-MEL-24,SKMEL24,909725,COSMIC_ID,HIGH,
SK-MEL-30,ACH-000810,SK-MEL-30,SKMEL30,909726,COSMIC_ID,HIGH,
SK-MEL-31,ACH-000640,SK-MEL-31,SKMEL31,909727,COSMIC_ID,HIGH,
SK-MES-1,ACH-000665,SK-MES-1,SKMES1,909728,COSMIC_ID,HIGH,
SK-MG-1,ACH-002304,SK-MG-1,SKMG1,909729,COSMIC_ID,HIGH,
SK-PN-DW,ACH-001193,SK-PN-DW,SKPNDW,909731,COSMIC_ID,HIGH,
SK-CO-1,ACH-000400,SK-CO-1,SKCO1,909718,COSMIC_ID,HIGH,
LS-123,ACH-000501,LS123,LS123,907792,COSMIC_ID,HIGH,
RKO,ACH-000943,RKO,RKO,909698,COSMIC_ID,HIGH,
REH,ACH-000960,Reh,REH,909696,COSMIC_ID,HIGH,
NCI-H358,ACH-000860,NCI-H358,NCIH358,908465,COSMIC_ID,HIGH,
NCI-H1155,ACH-000980,NCI-H1155,NCIH1155,908467,COSMIC_ID,HIGH,
NCI-H1105,ACH-000780,NCI-H1105,NCIH1105,908468,COSMIC_ID,HIGH,
NCI-H1436,ACH-000830,NCI-H1436,NCIH1436,908469,COSMIC_ID,HIGH,
NCI-H28,ACH-000648,NCI-H28,NCIH28,908470,COSMIC_ID,HIGH,
NCI-H1581,ACH-000015,NCI-H1581,NCIH1581,908471,COSMIC_ID,HIGH,
NCI-H1573,ACH-000916,NCI-H1573,NCIH1573,908472,COSMIC_ID,HIGH,
NCI-H1666,ACH-000448,NCI-H1666,NCIH1666,908473,COSMIC_ID,HIGH,
NCI-H1703,ACH-000747,NCI-H1703,NCIH1703,908474,COSMIC_ID,HIGH,
NCI-H1755,ACH-000282,NCI-H1755,NCIH1755,908475,COSMIC_ID,HIGH,
NCI-H1993,ACH-001137,NCI-H1993,NCIH1993,908476,COSMIC_ID,HIGH,
NCI-H2081,ACH-000394,NCI-H2081,NCIH2081,908480,COSMIC_ID,HIGH,
RF-48,ACH-002301,RF-48,RF48,909697,COSMIC_ID,HIGH,
NCI-H2196,ACH-000399,NCI-H2196,NCIH2196,908481,COSMIC_ID,HIGH,
ONS-76,ACH-000776,ONS-76,ONS76,909248,COSMIC_ID,HIGH,
OPM-2,ACH-000024,OPM-2,OPM2,909249,COSMIC_ID,HIGH,
OS-RC-2,ACH-000159,OS-RC-2,OSRC2,909250,COSMIC_ID,HIGH,
P12-ICHIKAWA,ACH-000372,P12-ICHIKAWA,P12ICHIKAWA,909251,COSMIC_ID,HIGH,
P31-FUJ,ACH-000770,P31/FUJ,P31FUJ,909253,COSMIC_ID,HIGH,
PA-1,ACH-001374,PA-1 [PA1],PA1,909255,COSMIC_ID,HIGH,
OCUB-M,ACH-002179,OCUB-M,OCUBM,909256,COSMIC_ID,HIGH,
OC-314,ACH-000962,OC 314,OC314,909257,COSMIC_ID,HIGH,
PF-382,ACH-000937,PF-382,PF382,909260,COSMIC_ID,HIGH,
Raji,ACH-000654,Raji,RAJI,909262,COSMIC_ID,HIGH,
RCM-1,ACH-000565,RCM-1,RCM1,909263,COSMIC_ID,HIGH,
RD,ACH-000169,RD,RD,909264,COSMIC_ID,HIGH,
NCI-H524,ACH-000816,NCI-H524,NCIH524,908483,COSMIC_ID,HIGH,
LP-1,ACH-000204,LP-1,LP1,907791,COSMIC_ID,HIGH,
MDA-MB-175-VII,ACH-000759,MDA-MB-175-VII,MDAMB175VII,908120,COSMIC_ID,HIGH,
LOUCY,ACH-000104,Loucy,LOUCY,907789,COSMIC_ID,HIGH,
EVSA-T,ACH-001065,Evsa-T,EVSAT,906862,COSMIC_ID,HIGH,
FADU,ACH-000846,FaDu,FADU,906863,COSMIC_ID,HIGH,
FTC-133,ACH-000903,FTC-133,FTC133,906864,COSMIC_ID,HIGH,
G-361,ACH-000572,G-361,G361,906865,COSMIC_ID,HIGH,
GAMG,ACH-000098,GAMG,GAMG,906868,COSMIC_ID,HIGH,
GCIY,ACH-000047,GCIY,GCIY,906869,COSMIC_ID,HIGH,
GDM-1,ACH-000081,GDM-1,GDM1,906870,COSMIC_ID,HIGH,
GI-1,ACH-000756,GI-1,GI1,906871,COSMIC_ID,HIGH,
GI-ME-N,ACH-001344,GI-ME-N,GIMEN,906872,COSMIC_ID,HIGH,
GOTO,ACH-001716,GOTO,GOTO,906875,COSMIC_ID,HIGH,
GR-ST,ACH-002238,GR-ST,GRST,906877,COSMIC_ID,HIGH,
GCT,ACH-000835,GCT,GCT,906999,COSMIC_ID,HIGH,
ESS-1,ACH-000913,ESS-1,ESS1,907000,COSMIC_ID,HIGH,
H4,ACH-000389,H4,H4,907042,COSMIC_ID,HIGH,
H9,ACH-002240,H9,H9,907043,COSMIC_ID,HIGH,
HC-1,ACH-002242,HC-1,HC1,907044,COSMIC_ID,HIGH,
HCC1419,ACH-000277,HCC1419,HCC1419,907045,COSMIC_ID,HIGH,
HCC1569,ACH-000930,HCC1569,HCC1569,907046,COSMIC_ID,HIGH,
HCC1806,ACH-000624,HCC1806,HCC1806,907047,COSMIC_ID,HIGH,
HCC70,ACH-000668,HCC70,HCC70,907048,COSMIC_ID,HIGH,
LoVo,ACH-000950,LoVo,LOVO,907790,COSMIC_ID,HIGH,
HEL,ACH-000004,HEL,HEL,907053,COSMIC_ID,HIGH,
HGC-27,ACH-000847,HGC-27,HGC27,907055,COSMIC_ID,HIGH,
HH,ACH-000061,HH,HH,907056,COSMIC_ID,HIGH,
HLE,ACH-001089,HLE,HLE,907057,COSMIC_ID,HIGH,
ETK-1,ACH-002237,ETK-1,ETK1,906861,COSMIC_ID,HIGH,
EoL-1-cell,ACH-000198,EOL-1,EOL1,906856,COSMIC_ID,HIGH,
EM-2,ACH-000295,EM-2,EM2,906855,COSMIC_ID,HIGH,
EFO-27,ACH-000936,EFO-27,EFO27,906852,COSMIC_ID,HIGH,
CHP-212,ACH-000120,CHP-212,CHP212,906820,COSMIC_ID,HIGH,
CFPAC-1,ACH-000138,CFPAC-1,CFPAC1,906821,COSMIC_ID,HIGH,
Ca-Ski,ACH-001336,Ca Ski,CASKI,906824,COSMIC_ID,HIGH,
Caov-3,ACH-000713,Caov-3,CAOV3,906825,COSMIC_ID,HIGH,
CAL-120,ACH-000212,CAL-120,CAL120,906826,COSMIC_ID,HIGH,
CAL-72,ACH-001715,CAL-72,CAL72,906827,COSMIC_ID,HIGH,
CAL-62,ACH-000174,CAL-62,CAL62,906828,COSMIC_ID,HIGH,
C32,ACH-000580,C32,C32,906830,COSMIC_ID,HIGH,
Daudi,ACH-000786,Daudi,DAUDI,906831,COSMIC_ID,HIGH,
DB,ACH-000334,DB,DB,906832,COSMIC_ID,HIGH,
Daoy,ACH-000211,Daoy,DAOY,906833,COSMIC_ID,HIGH,
D-283MED,ACH-000055,D283 Med,D283MED,906834,COSMIC_ID,HIGH,
HOS,ACH-000613,HOS,HOS,907060,COSMIC_ID,HIGH,
DBTRG-05MG,ACH-000863,DBTRG-05MG,DBTRG05MG,906835,COSMIC_ID,HIGH,
Detroit562,ACH-000207,Detroit 562,DETROIT562,906837,COSMIC_ID,HIGH,
DG-75,ACH-002232,DG-75,DG75,906838,COSMIC_ID,HIGH,
DK-MG,ACH-000244,DK-MG,DKMG,906839,COSMIC_ID,HIGH,
DJM-1,ACH-002100,DJM-1,DJM1,906841,COSMIC_ID,HIGH,
DOHH-2,ACH-000056,DOHH-2,DOHH2,906842,COSMIC_ID,HIGH,
DoTc2-4510,ACH-001341,DoTc2 4510,DOTC24510,906843,COSMIC_ID,HIGH,
DU-4475,ACH-000258,Du4475,DU4475,906844,COSMIC_ID,HIGH,
EB2,ACH-001064,EB-2,EB2,906846,COSMIC_ID,HIGH,
EB-3,ACH-002236,EB-3,EB3,906847,COSMIC_ID,HIGH,
ECC10,ACH-000560,ECC10,ECC10,906848,COSMIC_ID,HIGH,
ECC12,ACH-000225,ECC12,ECC12,906849,COSMIC_ID,HIGH,
EFM-19,ACH-000330,EFM-19,EFM19,906851,COSMIC_ID,HIGH,
DEL,ACH-000233,DEL,DEL,906836,COSMIC_ID,HIGH,
HSC-3,ACH-000778,HSC-3,HSC3,907061,COSMIC_ID,HIGH,
HEC-1,ACH-001517,HEC-1,HEC1,907051,COSMIC_ID,HIGH,
HT,ACH-000914,HT,HT,907063,COSMIC_ID,HIGH,
KNS-42,ACH-000622,KNS-42,KNS42,907282,COSMIC_ID,HIGH,
HuP-T3,ACH-000118,HUP-T3,HUPT3,907285,COSMIC_ID,HIGH,
HuP-T4,ACH-000213,HUP-T4,HUPT4,907286,COSMIC_ID,HIGH,
HT55,ACH-000926,HT-55,HT55,907287,COSMIC_ID,HIGH,
HT-115,ACH-000986,HT115,HT115,907289,COSMIC_ID,HIGH,
HSC-4,ACH-000546,HSC-4,HSC4,907062,COSMIC_ID,HIGH,
GP5d,ACH-001345,GP5d,GP5D,907291,COSMIC_ID,HIGH,
DMS-53,ACH-000698,DMS 53,DMS53,907295,COSMIC_ID,HIGH,
G-402,ACH-000375,G-402,G402,907298,COSMIC_ID,HIGH,
G-401,ACH-000096,G-401,G401,907299,COSMIC_ID,HIGH,
KY821,ACH-002262,KY821,KY821,907300,COSMIC_ID,HIGH,
KU812,ACH-000074,KU812,KU812,907311,COSMIC_ID,HIGH,
KMS-12-BM,ACH-000380,KMS-12-BM,KMS12BM,907281,COSMIC_ID,HIGH,
KU-19-19,ACH-000486,KU-19-19,KU1919,907312,COSMIC_ID,HIGH,
KP-N-YN,ACH-000227,KP-N-YN,KPNYN,907314,COSMIC_ID,HIGH,
KYSE-150,ACH-000855,KYSE-150,KYSE150,907317,COSMIC_ID,HIGH,
KYSE-180,ACH-000693,KYSE-180,KYSE180,907318,COSMIC_ID,HIGH,
KYSE-270,ACH-000873,KYSE-270,KYSE270,907319,COSMIC_ID,HIGH,
KYSE-450,ACH-000865,KYSE-450,KYSE450,907320,COSMIC_ID,HIGH,
KYSE-510,ACH-000824,KYSE-510,KYSE510,907321,COSMIC_ID,HIGH,
L-428,ACH-000754,L-428,L428,907322,COSMIC_ID,HIGH,
L-540,ACH-000806,L-540,L540,907323,COSMIC_ID,HIGH,
LAMA-84,ACH-000301,LAMA-84,LAMA84,907783,COSMIC_ID,HIGH,
LC-2-ad,ACH-002157,LC-2-ad,LC2AD,907786,COSMIC_ID,HIGH,
LC4-1,ACH-002267,LC4-1,LC41,907787,COSMIC_ID,HIGH,
LNCaP-Clone-FGC,ACH-000977,LNCaP clone FGC,LNCAPCLONEFGC,907788,COSMIC_ID,HIGH,
KS-1,ACH-000631,KS-1,KS1,907313,COSMIC_ID,HIGH,
KMOE-2,ACH-002258,KMOE-2,KMOE2,907280,COSMIC_ID,HIGH,
H-EMC-SS,ACH-001519,H-EMC-SS,HEMCSS,907290,COSMIC_ID,HIGH,
KG-1,ACH-000386,KG-1,KG1,907278,COSMIC_ID,HIGH,
HT-1080,ACH-000054,HT-1080,HT1080,907064,COSMIC_ID,HIGH,
HT-1197,ACH-000547,HT-1197,HT1197,907065,COSMIC_ID,HIGH,
HT-1376,ACH-000724,HT-1376,HT1376,907066,COSMIC_ID,HIGH,
HT-144,ACH-000322,HT-144,HT144,907067,COSMIC_ID,HIGH,
HT-3,ACH-001525,HT-3,HT3,907068,COSMIC_ID,HIGH,
KINGS-1,ACH-002257,KINGS-1,KINGS1,907279,COSMIC_ID,HIGH,
HuH-7,ACH-000480,HuH-7,HUH7,907071,COSMIC_ID,HIGH,
HuO9,ACH-001526,HuO9,HUO9,907072,COSMIC_ID,HIGH,
HuTu-80,ACH-000538,HUTU80,HUTU80,907073,COSMIC_ID,HIGH,
IGR-1,ACH-000882,IGR-1,IGR1,907169,COSMIC_ID,HIGH,
IMR-5,ACH-002248,IMR-5,IMR5,907170,COSMIC_ID,HIGH,
IPC-298,ACH-000915,IPC-298,IPC298,907171,COSMIC_ID,HIGH,
IST-MEL1,ACH-002143,IST-MEL1,ISTMEL1,907172,COSMIC_ID,HIGH,
HuCCT1,ACH-000976,HuCCT1,HUCCT1,907069,COSMIC_ID,HIGH,
JAR,ACH-001529,JAR,JAR,907175,COSMIC_ID,HIGH,
IST-MES1,ACH-000569,IST-MES1,ISTMES1,907173,COSMIC_ID,HIGH,
KE-37,ACH-000101,KE-37,KE37,907277,COSMIC_ID,HIGH,
KATOIII,ACH-000793,KATO III,KATOIII,907276,COSMIC_ID,HIGH,
KASUMI-1,ACH-000263,KASUMI-1,KASUMI1,907275,COSMIC_ID,HIGH,
KARPAS-299,ACH-000053,KARPAS-299,KARPAS299,907273,COSMIC_ID,HIGH,
KARPAS-422,ACH-000315,KARPAS-422,KARPAS422,907274,COSMIC_ID,HIGH,
KALS-1,ACH-000231,KALS-1,KALS1,907271,COSMIC_ID,HIGH,
JVM-3,ACH-000346,JVM-3,JVM3,907270,COSMIC_ID,HIGH,
JVM-2,ACH-000106,JVM-2,JVM2,907269,COSMIC_ID,HIGH,
JiyoyeP-2003,ACH-002252,JiyoyeP-2003,JIYOYEP2003,907268,COSMIC_ID,HIGH,
JEG-3,ACH-001530,JEG-3,JEG3,907176,COSMIC_ID,HIGH,
KARPAS-45,ACH-002256,KARPAS-45,KARPAS45,907272,COSMIC_ID,HIGH,
NOS-1,ACH-002067,NOS-1,NOS1,,FUZZY_89,MEDIUM,89.0
P30-OHK,ACH-002059,P30/OHK,P30OHK,,FUZZY_92,MEDIUM,92.0
CaR-1,ACH-002345,CaR-1,CAR1,,FUZZY_89,MEDIUM,89.0
MFM-223,ACH-001819,MFM-223,MFM223,,FUZZY_92,MEDIUM,92.0
ATN-1,ACH-002058,ATN-1,ATN1,,FUZZY_89,MEDIUM,89.0
NCI-H748,ACH-003071,NCI-H748,NCIH748,,FUZZY_93,MEDIUM,93.0
LU-139,ACH-002052,Lu-139,LU139,,FUZZY_91,MEDIUM,91.0
HMV-II,ACH-002040,HMV-II,HMVII,,FUZZY_91,MEDIUM,91.0
COLO-824,ACH-001820,COLO 824,COLO824,,FUZZY_93,MEDIUM,93.0
LU-165,ACH-002077,Lu-165,LU165,,FUZZY_91,MEDIUM,91.0
LU-134-A,ACH-002051,Lu-134-A,LU134A,,FUZZY_86,MEDIUM,86.0
Ca9-22,ACH-002043,Ca9-22,CA922,,FUZZY_91,MEDIUM,91.0
SKG-IIIa,ACH-002020,SKG-IIIa,SKGIIIA,,FUZZY_93,MEDIUM,93.0
Mo-T,ACH-002339,MOT,MOT,,FUZZY_86,MEDIUM,86.0
